{"cameraMode":{"drawMode":0,"name":"Shaded","section":"Shading Mode"},"sceneLighting":true,"audioPlay":false,"sceneViewState":{"m_AlwaysRefresh":false,"showFog":true,"showSkybox":true,"showFlares":true,"showImageEffects":true,"showParticleSystems":true,"showVisualEffectGraphs":true,"m_FxEnabled":true},"in2DMode":false,"pivot":{"x":-0.9072819352149963,"y":4.361721992492676,"z":2.4523963928222658},"rotation":{"x":0.1538858562707901,"y":-0.00148213270585984,"z":0.0002308240655111149,"w":0.9880867600440979},"size":10.133968353271485,"orthographic":false}